Mach The A,a1@student.ctu.edu.vn,02-08-2023,123,boy.jpg
Mach The B,a2@student.ctu.edu.vn,02-08-2023,123,boy.jpg
Mach The C,a3@student.ctu.edu.vn,02-08-2023,123,boy.jpg
Mach The D,a4@student.ctu.edu.vn,02-08-2023,123,boy.jpg
Mach The E,a5@student.ctu.edu.vn,02-08-2023,123,boy.jpg
Mach The F,a6@student.ctu.edu.vn,02-08-2023,123,boy.jpg
Mach The G,a7@student.ctu.edu.vn,02-08-2023,123,boy.jpg
Mach The J,a8@student.ctu.edu.vn,02-08-2023,123,boy.jpg
Mach The K,a9@student.ctu.edu.vn,02-08-2023,123,boy.jpg
Mach The L,a10@student.ctu.edu.vn,02-08-2023,123,boy.jpg

